Cites,Authors,Title,Year,Source,Publisher,ArticleURL,CitesURL,GSRank,QueryDate,Type,DOI,ISSN,CitationURL,Volume,Issue,StartPage,EndPage,ECC,CitesPerYear,CitesPerAuthor,AuthorCount,Age,Abstract,FullTextURL,RelatedURL
712,"N Buch, SA Velastin, J Orwell","A review of computer vision techniques for the analysis of urban traffic",2011,"IEEE Transactions on intelligent …","ieeexplore.ieee.org","https://ieeexplore.ieee.org/abstract/document/5734852/","https://scholar.google.com/scholar?cites=11766764135273751415&as_sdt=2005&sciodt=2007&hl=en",1,"2023-02-21 12:43:41","","","","",,,,,712,59.33,237,3,12,"… on computer vision techniques. We present here a comprehensive review of the state-of-the-art computer vision for traffic … Several monitoring objectives such as congestion, traffic rule …","https://ieeexplore.ieee.org/iel5/6979/4358928/05734852.pdf","https://scholar.google.com/scholar?q=related:d2PMVqPxS6MJ:scholar.google.com/&scioq=traffic+computer+vision&hl=en&as_sdt=2007"
774,"D Beymer, P McLauchlan, B Coifman…","A real-time computer vision system for measuring traffic parameters",1997,"… on computer vision and …","ieeexplore.ieee.org","https://ieeexplore.ieee.org/abstract/document/609371/","https://scholar.google.com/scholar?cites=15167171181510545756&as_sdt=2005&sciodt=2007&hl=en",2,"2023-02-21 12:43:41","","","","",,,,,774,29.77,194,4,26,"… larger set of traffic parameters … vision-based traffic surveillance system [ll, 121. The core idea is to have video cameras mounted on poles or other tall structures looking down at the traffic …","https://ieeexplore.ieee.org/iel3/4821/13322/00609371.pdf","https://scholar.google.com/scholar?q=related:XFF6mdSdfNIJ:scholar.google.com/&scioq=traffic+computer+vision&hl=en&as_sdt=2007"
944,"B Coifman, D Beymer, P McLauchlan, J Malik","A real-time computer vision system for vehicle tracking and traffic surveillance",1998,"… Research Part C: Emerging …","Elsevier","https://www.sciencedirect.com/science/article/pii/S0968090X98000199","https://scholar.google.com/scholar?cites=7058366556502403122&as_sdt=2005&sciodt=2007&hl=en",3,"2023-02-21 12:43:41","HTML","","","",,,,,944,37.76,236,4,25,"… and tracking, and the computation of traffic parameters from the tracking data. First, we present different vehicle tracking strategies from the computer vision literature. Then we focus on …","https://www.sciencedirect.com/science/article/pii/S0968090X98000199","https://scholar.google.com/scholar?q=related:MqjSfvxa9GEJ:scholar.google.com/&scioq=traffic+computer+vision&hl=en&as_sdt=2007"
65,"M Koresh, J Deva","Computer vision based traffic sign sensing for smart transport",2019,"Journal of Innovative Image Processing (JIIP)","irojournals.com","https://www.irojournals.com/iroiip/V1/I1/02.pdf","https://scholar.google.com/scholar?cites=10146904435203934731&as_sdt=2005&sciodt=2007&hl=en",4,"2023-02-21 12:43:41","PDF","","","",,,,,65,16.25,33,2,4,"Abstract: The paper puts forward a real time traffic sign sensing (detection … traffic sign compared to the convolutional network. The evaluation of the capsule network with the Indian traffic …","https://www.irojournals.com/iroiip/V1/I1/02.pdf","https://scholar.google.com/scholar?q=related:C4oqvtIL0YwJ:scholar.google.com/&scioq=traffic+computer+vision&hl=en&as_sdt=2007"
99,"Á González, MÁ Garrido, DF Llorca…","Automatic traffic signs and panels inspection system using computer vision",2011,"IEEE Transactions …","ieeexplore.ieee.org","https://ieeexplore.ieee.org/abstract/document/5682406/","https://scholar.google.com/scholar?cites=12618942206089232430&as_sdt=2005&sciodt=2007&hl=en",5,"2023-02-21 12:43:41","","","","",,,,,99,8.25,25,4,12,"… of traffic sign detection and recognition [6]–[13], automatic traffic signs inspection using computer vision … to measure the quality of the traffic signs by the traffic regulatory agencies is the …","https://ieeexplore.ieee.org/iel5/6979/4358928/05682406.pdf","https://scholar.google.com/scholar?q=related:LgAiExR9H68J:scholar.google.com/&scioq=traffic+computer+vision&hl=en&as_sdt=2007"
14,"V Zinchenko, G Kondratenko, I Sidenko…","Computer vision in control and optimization of road traffic",2020,"2020 IEEE Third …","ieeexplore.ieee.org","https://ieeexplore.ieee.org/abstract/document/9204329/","https://scholar.google.com/scholar?cites=5232333413961774177&as_sdt=2005&sciodt=2007&hl=en",6,"2023-02-21 12:43:41","","","","",,,,,14,4.67,4,4,3,"… In this paper, it was investigated the methods and approaches used in computer vision technologies and ways of their application for traffic monitoring and optimization. Special …","https://ieeexplore.ieee.org/iel7/9200828/9204017/09204329.pdf","https://scholar.google.com/scholar?q=related:YTSZlYT7nEgJ:scholar.google.com/&scioq=traffic+computer+vision&hl=en&as_sdt=2007"
78,"CJ Setchell","Applications of computer vision to road-traffic monitoring",1998,"","Citeseer","https://citeseerx.ist.psu.edu/document?repid=rep1&type=pdf&doi=30feeaab883d4cc6d44e6789d35d43ac72e86a0d","https://scholar.google.com/scholar?cites=5324019081187480227&as_sdt=2005&sciodt=2007&hl=en",7,"2023-02-21 12:43:41","PDF","","","",,,,,78,3.12,78,1,25,"… Vision based sensors have the potential to measure a far greater variety of traffic parameters compared to conventional sensors. This thesis presents two vision based traffic-monitoring …","https://citeseerx.ist.psu.edu/document?repid=rep1&type=pdf&doi=30feeaab883d4cc6d44e6789d35d43ac72e86a0d","https://scholar.google.com/scholar?q=related:o9KUfyW34kkJ:scholar.google.com/&scioq=traffic+computer+vision&hl=en&as_sdt=2007"
48,"T Osman, SS Psyche, JMS Ferdous…","Intelligent traffic management system for cross section of roads using computer vision",2017,"2017 IEEE 7th Annual …","ieeexplore.ieee.org","https://ieeexplore.ieee.org/abstract/document/7868350/","https://scholar.google.com/scholar?cites=3673820028790303996&as_sdt=2005&sciodt=2007&hl=en",8,"2023-02-21 12:43:41","","","","",,,,,48,8.00,12,4,6,"… of an intelligent and automated traffic control system which takes advantages of computer vision and image processing techniques. Along with conventional computer vision techniques, …","https://ieeexplore.ieee.org/iel7/7864800/7868337/07868350.pdf","https://scholar.google.com/scholar?q=related:_OzC-NkH_DIJ:scholar.google.com/&scioq=traffic+computer+vision&hl=en&as_sdt=2007"
62,"B Maurin, O Masoud…","Tracking all traffic: computer vision algorithms for monitoring vehicles, individuals, and crowds",2005,"IEEE robotics & …","ieeexplore.ieee.org","https://ieeexplore.ieee.org/abstract/document/1411416/","https://scholar.google.com/scholar?cites=260569519951001269&as_sdt=2005&sciodt=2007&hl=en",9,"2023-02-21 12:43:41","","","","",,,,,62,3.44,21,3,18,"… We propose a vision-based system that can monitor busy urban scenes. Our system can … several traffic operations in urban areas and on some more general applications. One traffic …","https://ieeexplore.ieee.org/iel5/100/30579/01411416.pdf","https://scholar.google.com/scholar?q=related:tTb5C5m6nQMJ:scholar.google.com/&scioq=traffic+computer+vision&hl=en&as_sdt=2007"
50,"S Šegvić, K Brkić, Z Kalafatić…","A computer vision assisted geoinformation inventory for traffic infrastructure",2010,"… IEEE conference on …","ieeexplore.ieee.org","https://ieeexplore.ieee.org/abstract/document/5624979/","https://scholar.google.com/scholar?cites=6448526868345067762&as_sdt=2005&sciodt=2007&hl=en",10,"2023-02-21 12:43:41","","","","",,,,,50,3.85,13,4,13,"… present an existing geoinformation traffic inventory devised for road safety inspection, and propose novel computer vision techniques suitable for assessing the visibility of traffic control …","https://ieeexplore.ieee.org/iel5/5610907/5624963/05624979.pdf","https://scholar.google.com/scholar?q=related:8hhFYAXFfVkJ:scholar.google.com/&scioq=traffic+computer+vision&hl=en&as_sdt=2007"
32,"AJ Kun, Z Vamossy","Traffic monitoring with computer vision",2009,"2009 7th International Symposium on …","ieeexplore.ieee.org","https://ieeexplore.ieee.org/abstract/document/4956624/","https://scholar.google.com/scholar?cites=14856330125993482117&as_sdt=2005&sciodt=2007&hl=en",11,"2023-02-21 12:43:41","","","","",,,,,32,2.29,16,2,14,"… Hence the main goal of our project is to build a traffic monitoring system which is able … computer vision. The real-time process (1530 fps) of the video stream works at daylight. The traffic …","https://ieeexplore.ieee.org/iel5/4912737/4956603/04956624.pdf","https://scholar.google.com/scholar?q=related:hZfGkYlJLM4J:scholar.google.com/&scioq=traffic+computer+vision&hl=en&as_sdt=2007"
30,"SK Kumaran, S Mohapatra, DP Dogra, PP Roy…","Computer vision-guided intelligent traffic signaling for isolated intersections",2019,"Expert Systems with …","Elsevier","https://www.sciencedirect.com/science/article/pii/S0957417419303847","https://scholar.google.com/scholar?cites=964412999669521597&as_sdt=2005&sciodt=2007&hl=en",12,"2023-02-21 12:43:41","HTML","","","",,,,,30,7.50,6,5,4,"… In this paper, we propose a new approach of traffic flow-based intelligent signal timing by … paper, a computer vision-guided intelligent method has been proposed to optimize traffic …","https://www.sciencedirect.com/science/article/pii/S0957417419303847","https://scholar.google.com/scholar?q=related:vRwSdoNIYg0J:scholar.google.com/&scioq=traffic+computer+vision&hl=en&as_sdt=2007"
53,"DT Bartilson, KT Wieghaus, S Hurlebaus","Target-less computer vision for traffic signal structure vibration studies",2015,"Mechanical Systems and Signal …","Elsevier","https://www.sciencedirect.com/science/article/pii/S0888327015000072","https://scholar.google.com/scholar?cites=973000361737510196&as_sdt=2005&sciodt=2007&hl=en",13,"2023-02-21 12:43:41","HTML","","","",,,,,53,6.63,18,3,8,"… This paper details the traffic signal structure of interest and the methods for obtaining data (Section 2). The validity of MQD-based computer vision is then analyzed for structural …","https://www.sciencedirect.com/science/article/pii/S0888327015000072","https://scholar.google.com/scholar?q=related:NN2wf6zKgA0J:scholar.google.com/&scioq=traffic+computer+vision&hl=en&as_sdt=2007"
82,"MH Zaki, T Sayed, K Shaaban","Use of drivers' jerk profiles in computer vision–based traffic safety evaluations",2014,"Transportation Research …","journals.sagepub.com","https://journals.sagepub.com/doi/pdf/10.3141/2434-13","https://scholar.google.com/scholar?cites=18434323430537608833&as_sdt=2005&sciodt=2007&hl=en",14,"2023-02-21 12:43:41","","10.3141/2434-13","","",,,,,82,9.11,27,3,9,"… The first issue was whether jerk profiles can be used to identify critical traffic events (conflicts… to collect traffic data and analysis was applied on two data sets with distinct traffic patterns. …","https://www.researchgate.net/profile/Khaled_Shaaban3/publication/268805898_Use_of_Drivers%27_Jerk_Profiles_in_Computer_Vision-Based_Traffic_Safety_Evaluations/links/5477f5910cf293e2da2829e1/Use-of-Drivers-Jerk-Profiles-in-Computer-Vision-Based-Traffic-Safety-Evaluations.pdf","https://scholar.google.com/scholar?q=related:gb7ap33f0_8J:scholar.google.com/&scioq=traffic+computer+vision&hl=en&as_sdt=2007"
49,"EP Ijjina, D Chand, S Gupta…","Computer vision-based accident detection in traffic surveillance",2019,"2019 10th International …","ieeexplore.ieee.org","https://ieeexplore.ieee.org/abstract/document/8944469/","https://scholar.google.com/scholar?cites=13651813788350111229&as_sdt=2005&sciodt=2007&hl=en",15,"2023-02-21 12:43:41","","","","",,,,,49,12.25,12,4,4,"Computer vision-based accident detection through video surveillance has become a beneficial but daunting task. In this paper, a neoteric framework for detection of road accidents is …","https://arxiv.org/pdf/1911.10037","https://scholar.google.com/scholar?q=related:_V1jYk_8dL0J:scholar.google.com/&scioq=traffic+computer+vision&hl=en&as_sdt=2007"
59,"A Mhalla, T Chateau, S Gazzah…","An embedded computer-vision system for multi-object detection in traffic surveillance",2018,"IEEE Transactions on …","ieeexplore.ieee.org","https://ieeexplore.ieee.org/abstract/document/8546791/","https://scholar.google.com/scholar?cites=16880994127495374717&as_sdt=2005&sciodt=2007&hl=en",16,"2023-02-21 12:43:41","","","","",,,,,59,11.80,15,4,5,"… Despite the research advances in computer vision, the performance of traffic object … system for traffic surveillance which integrates recent advances in the computer vision domain such …","https://ieeexplore.ieee.org/iel7/6979/4358928/08546791.pdf","https://scholar.google.com/scholar?q=related:fSfROLhWReoJ:scholar.google.com/&scioq=traffic+computer+vision&hl=en&as_sdt=2007"
15,"G Liu, H Shi, A Kiani, A Khreishah, J Lee…","Smart traffic monitoring system using computer vision and edge computing",2021,"IEEE Transactions …","ieeexplore.ieee.org","https://ieeexplore.ieee.org/abstract/document/9546662/","https://scholar.google.com/scholar?cites=4936432391810246514&as_sdt=2005&sciodt=2007&hl=en",17,"2023-02-21 12:43:41","","","","",,,,,15,7.50,3,6,2,"… traffic detection problem and propose a two-tier edge computing model that improves the traffic … We utilize and combine the hierarchical edge computing architecture with traffic related …","https://ieeexplore.ieee.org/iel7/6979/4358928/09546662.pdf","https://scholar.google.com/scholar?q=related:cueUIxu7gUQJ:scholar.google.com/&scioq=traffic+computer+vision&hl=en&as_sdt=2007"
50,"KA Ismail","Application of computer vision techniques for automated road safety analysis and traffic data collection",2010,"","open.library.ubc.ca","https://open.library.ubc.ca/soa/cIRcle/collections/ubctheses/24/items/1.0062871","https://scholar.google.com/scholar?cites=3210053675476233509&as_sdt=2005&sciodt=2007&hl=en",18,"2023-02-21 12:43:41","","","","",,,,,50,3.85,50,1,13,"… However, the cost of field observation of traffic conflicts coupled with observer subjectivity … of computer vision for conducting automated, resource-efficient, and objective traffic conflict …","https://open.library.ubc.ca/media/download/pdf/24/1.0062871/1","https://scholar.google.com/scholar?q=related:Ja2ybM9mjCwJ:scholar.google.com/&scioq=traffic+computer+vision&hl=en&as_sdt=2007"
41,"D Geronimo, J Serrat, AM Lopez…","Traffic sign recognition for computer vision project-based learning",2013,"IEEE transactions on …","ieeexplore.ieee.org","https://ieeexplore.ieee.org/abstract/document/6425440/","https://scholar.google.com/scholar?cites=2800809450453978470&as_sdt=2005&sciodt=2007&hl=en",19,"2023-02-21 12:43:41","","","","",,,,,41,4.10,10,4,10,"… computer vision. The aim of the project is to detect and recognize traffic signs in video … This is a demanding problem, given that traffic sign recognition is one of the most challenging …","https://ieeexplore.ieee.org/iel5/13/6572855/06425440.pdf","https://scholar.google.com/scholar?q=related:Zs3dGVt53iYJ:scholar.google.com/&scioq=traffic+computer+vision&hl=en&as_sdt=2007"
20,"M Poddar, MK Giridhar, AS Prabhu…","Automated traffic monitoring system using computer vision",2016,"… Conference on ICT in …","ieeexplore.ieee.org","https://ieeexplore.ieee.org/abstract/document/7892717/","https://scholar.google.com/scholar?cites=10958972653617739737&as_sdt=2005&sciodt=2007&hl=en",20,"2023-02-21 12:43:41","","","","",,,,,20,2.86,5,4,7,"… computer vision technology to aid humans to prevent these violations. Instead of a regular traffic … of the most sought after problems in computer vision. Here we have made an attempt to …","https://ieeexplore.ieee.org/iel7/7888716/7892628/07892717.pdf","https://scholar.google.com/scholar?q=related:2fcaupAXFpgJ:scholar.google.com/&scioq=traffic+computer+vision&hl=en&as_sdt=2007"
31,"A Tageldin, T Sayed, MH Zaki…","A safety evaluation of an Adaptive Traffic Signal Control system using Computer Vision.",2014,"… in transportation studies","search.ebscohost.com","https://search.ebscohost.com/login.aspx?direct=true&profile=ehost&scope=site&authtype=crawler&jrnl=18245463&AN=97143590&h=knYY39BDn8twDGj5jNtQHOV%2Bdjlu70R0G%2BxqF6omp%2Bg8RCdHDKtF22TLrT%2FL3K30xV9GCwf7PgBEzvOPIOnq6Q%3D%3D&crl=c","https://scholar.google.com/scholar?cites=1496819886303095121&as_sdt=2005&sciodt=2007&hl=en",21,"2023-02-21 12:43:41","","","","",,,,,31,3.44,8,4,9,"… traffic safety analysis based on video sensors, limited computer vision research has been directly applied to traffic conflicts road safety analysis, and even less so to the use of traffic …","","https://scholar.google.com/scholar?q=related:USnWj8HFxRQJ:scholar.google.com/&scioq=traffic+computer+vision&hl=en&as_sdt=2007"
39,"X Jian, Y Xia, JA Lozano-Galant, L Sun","Traffic sensing methodology combining influence line theory and computer vision techniques for girder bridges",2019,"Journal of Sensors","hindawi.com","https://www.hindawi.com/journals/js/2019/3409525/","https://scholar.google.com/scholar?cites=7139708472662047745&as_sdt=2005&sciodt=2007&hl=en",22,"2023-02-21 12:43:41","HTML","","","",,,,,39,9.75,10,4,4,"… axles using traditional computer vision techniques [1, 20]. … of computer vision techniques, this paper presents a traffic … and deep learning based computer vision techniques. This paper is …","https://www.hindawi.com/journals/js/2019/3409525/","https://scholar.google.com/scholar?q=related:ATzeMAdXFWMJ:scholar.google.com/&scioq=traffic+computer+vision&hl=en&as_sdt=2007"
18,"JTG Nodado, HCP Morales…","Intelligent traffic light system using computer vision with android monitoring and control",2018,"TENCON 2018-2018 …","ieeexplore.ieee.org","https://ieeexplore.ieee.org/abstract/document/8650084/","https://scholar.google.com/scholar?cites=18078994652909042582&as_sdt=2005&sciodt=2007&hl=en",23,"2023-02-21 12:43:41","","","","",,,,,18,3.60,6,3,5,"… a computer or microcontroller with limited mobility and access. This research proposes to develop an intelligent traffic light system using computer vision to measure the traffic density …","https://ieeexplore.ieee.org/iel7/8643125/8650051/08650084.pdf","https://scholar.google.com/scholar?q=related:lnvUptl95foJ:scholar.google.com/&scioq=traffic+computer+vision&hl=en&as_sdt=2007"
48,"MC Huang, SH Yen","A real-time and color-based computer vision for traffic monitoring system",2004,"… on Multimedia and Expo (ICME)(IEEE …","ieeexplore.ieee.org","https://ieeexplore.ieee.org/abstract/document/1394685/","https://scholar.google.com/scholar?cites=17646614285240766109&as_sdt=2005&sciodt=2007&hl=en",24,"2023-02-21 12:43:41","","","","",,,,,48,2.53,24,2,19,"… the traffic condition and provide correct vehicles information is important in nowadays due to heavy traffic … and radars are most common devices to monitor traffic condition. The use of an …","https://ieeexplore.ieee.org/iel5/9605/30346/01394685.pdf","https://scholar.google.com/scholar?q=related:nQ4cWDJe5fQJ:scholar.google.com/&scioq=traffic+computer+vision&hl=en&as_sdt=2007"
16,"MF Chowdhury, MRA Biplob…","Real time traffic density measurement using computer vision and dynamic traffic control",2018,"… & Vision (ICIEV) and 2018 …","ieeexplore.ieee.org","https://ieeexplore.ieee.org/abstract/document/8641039/","https://scholar.google.com/scholar?cites=13410020707040793917&as_sdt=2005&sciodt=2007&hl=en",25,"2023-02-21 12:43:41","","","","",,,,,16,3.20,5,3,5,"… Implementation of computer vision technology can help mitigate the problem. By using computer vision we can detect vehicles, count vehicles and monitor any unwanted situation on …","http://dspace.bracu.ac.bd/xmlui/bitstream/handle/10361/10164/14101221%2C14101182_CSE.pdf?sequence=1&isAllowed=y","https://scholar.google.com/scholar?q=related:PZXMocj2GboJ:scholar.google.com/&scioq=traffic+computer+vision&hl=en&as_sdt=2007"
0,"J de Winter, J Hoogmoed, J Stapel, D Dodou…","Predicting perceived risk of traffic scenes using computer vision",2023,"… Research Part F: Traffic …","Elsevier","https://www.sciencedirect.com/science/article/pii/S1369847823000177","",26,"2023-02-21 12:43:41","HTML","","","",,,,,0,0.00,0,5,1,"… traffic psychology and automated driving. In this paper, we investigate whether perceived risk in images of traffic scenes can be predicted from computer vision … YOLOv4 computer vision …","https://www.sciencedirect.com/science/article/pii/S1369847823000177","https://scholar.google.com/scholar?q=related:iLzlP7gFVDAJ:scholar.google.com/&scioq=traffic+computer+vision&hl=en&as_sdt=2007"
1,"MI Basheer Ahmed, R Zaghdoud, MS Ahmed…","A real-time computer vision based approach to detection and classification of traffic incidents",2023,"Big Data and Cognitive …","mdpi.com","https://www.mdpi.com/2097958","https://scholar.google.com/scholar?cites=15026360787013376139&as_sdt=2005&sciodt=2007&hl=en",27,"2023-02-21 12:43:41","HTML","","","",,,,,1,1.00,0,4,1,"… entailed demand for road traffic security and safety, this paper presents a real-time traffic incident detection and alert system that is based on a computer vision approach. The proposed …","https://www.mdpi.com/2097958",""
5,"F Guo, Y Wang, Y Qian","Computer vision-based approach for smart traffic condition assessment at the railroad grade crossing",2022,"Advanced Engineering Informatics","Elsevier","https://www.sciencedirect.com/science/article/pii/S1474034621002068","https://scholar.google.com/scholar?cites=12581236243772033145&as_sdt=2005&sciodt=2007&hl=en",28,"2023-02-21 12:43:41","HTML","","","",,,,,5,5.00,2,3,1,"… It is noteworthy that recent breakthroughs in computer vision technology provide potential solutions for the traffic condition assessment and decongestion time prediction at grade …","https://www.sciencedirect.com/science/article/pii/S1474034621002068","https://scholar.google.com/scholar?q=related:eUhNmbSHma4J:scholar.google.com/&scioq=traffic+computer+vision&hl=en&as_sdt=2007"
21,"M Magrini, D Moroni, G Palazzese…","Computer vision on embedded sensors for traffic flow monitoring",2015,"2015 IEEE 18th …","ieeexplore.ieee.org","https://ieeexplore.ieee.org/abstract/document/7313127/","https://scholar.google.com/scholar?cites=4217319055133817655&as_sdt=2005&sciodt=2007&hl=en",29,"2023-02-21 12:43:41","","","","",,,,,21,2.63,5,4,8,"… and low cost sensor equipped with embedded vision logics that can be used for building … , we describe an ad hoc computer vision algorithm for estimation of traffic flow and discuss the …","https://ieeexplore.ieee.org/iel7/7307301/7312804/07313127.pdf","https://scholar.google.com/scholar?q=related:N7u8GVbthjoJ:scholar.google.com/&scioq=traffic+computer+vision&hl=en&as_sdt=2007"
18,"G Lira, Z Kokkinogenis, RJF Rossetti…","A computer-vision approach to traffic analysis over intersections",2016,"2016 IEEE 19th …","ieeexplore.ieee.org","https://ieeexplore.ieee.org/abstract/document/7795530/","https://scholar.google.com/scholar?cites=16361475773839786676&as_sdt=2005&sciodt=2007&hl=en",30,"2023-02-21 12:43:41","","","","",,,,,18,2.57,5,4,7,"… of computer vision and the most common techniques for traffic … Computer vision Computer vision concerns itself with the analysis … In the context of the current work, computer vision is …","https://ieeexplore.ieee.org/iel7/7784515/7795515/07795530.pdf","https://scholar.google.com/scholar?q=related:tELhjIejD-MJ:scholar.google.com/&scioq=traffic+computer+vision&hl=en&as_sdt=2007"
16,"RKC Billones, AA Bandala, LAG Lim…","Microscopic road traffic scene analysis using computer vision and traffic flow modelling",2018,"Journal of Advanced …","jstage.jst.go.jp","https://www.jstage.jst.go.jp/article/jaciii/22/5/22_704/_article/-char/ja/","https://scholar.google.com/scholar?cites=6823972155922735772&as_sdt=2005&sciodt=2007&hl=en",31,"2023-02-21 12:43:41","","","","",,,,,16,3.20,4,4,5,"… of a vision-based system for microscopic road traffic scene analysis and understanding using computer vision and computational intelligence techniques. The traffic flow model is …","https://www.academia.edu/download/87847561/jaciii.2018.p070420220621-1-chfcva.pdf","https://scholar.google.com/scholar?q=related:nGLuVoWes14J:scholar.google.com/&scioq=traffic+computer+vision&hl=en&as_sdt=2007"
4,"A Haghighat, A Sharma","A computer vision‐based deep learning model to detect wrong‐way driving using pan–tilt–zoom traffic cameras",2023,"Computer‐Aided Civil and …","Wiley Online Library","https://onlinelibrary.wiley.com/doi/abs/10.1111/mice.12819","https://scholar.google.com/scholar?cites=7161262130888067529&as_sdt=2005&sciodt=2007&hl=en",32,"2023-02-21 12:43:41","","10.1111/mice.12819","","",,,,,4,4.00,2,2,1,"… In this study, 10 live video streams from traffic cameras using the public Real-Time-Streaming … with dashcams and traffic-signal cameras and include 2.8 million car class objects.) …","https://onlinelibrary.wiley.com/doi/pdf/10.1111/mice.12819","https://scholar.google.com/scholar?q=related:yUkKT_fpYWMJ:scholar.google.com/&scioq=traffic+computer+vision&hl=en&as_sdt=2007"
21,"N Kanagaraj, D Hicks, A Goyal, S Tiwari…","Deep learning using computer vision in self driving cars for lane and traffic sign detection",2021,"International Journal of …","Springer","https://link.springer.com/article/10.1007/s13198-021-01127-6","https://scholar.google.com/scholar?cites=2480444184804423038&as_sdt=2005&sciodt=2007&hl=en",33,"2023-02-21 12:43:41","HTML","10.1007/s13198-021-01127-6","","",,,,,21,10.50,4,5,2,"… The most complex part of training is the use of computer vision for feature extraction and … Along with lane detection, a self-driving car must also be able to detect traffic signs. The …","https://link.springer.com/article/10.1007/s13198-021-01127-6","https://scholar.google.com/scholar?q=related:fnVzGNhObCIJ:scholar.google.com/&scioq=traffic+computer+vision&hl=en&as_sdt=2007"
12,"B Qi, W Zhao, H Zhang, Z Jin, X Wang…","Automated traffic volume analytics at road intersections using computer vision techniques",2019,"2019 5th International …","ieeexplore.ieee.org","https://ieeexplore.ieee.org/abstract/document/8883683/","https://scholar.google.com/scholar?cites=9181290795249089292&as_sdt=2005&sciodt=2007&hl=en",34,"2023-02-21 12:43:41","","","","",,,,,12,3.00,2,6,4,"… an automated traffic analysis system which leverages computer vision techniques to track objects and further infer traffic volume. The system uses low-cost embedded computers to …","https://ieeexplore.ieee.org/iel7/8877928/8883429/08883683.pdf","https://scholar.google.com/scholar?q=related:DLtiblV_an8J:scholar.google.com/&scioq=traffic+computer+vision&hl=en&as_sdt=2007"
120,"KK Santhosh, DP Dogra, PP Roy","Anomaly detection in road traffic using visual surveillance: A survey",2020,"ACM Computing Surveys (CSUR)","dl.acm.org","https://dl.acm.org/doi/abs/10.1145/3417989","https://scholar.google.com/scholar?cites=7508689150525391328&as_sdt=2005&sciodt=2007&hl=en",35,"2023-02-21 12:43:41","","10.1145/3417989","","",,,,,120,40.00,40,3,3,"… Timely detection of traffic violations and abnormal behavior of pedestrians at public places through computer vision and visual surveillance can be highly effective for maintaining traffic …","https://arxiv.org/pdf/1901.08292","https://scholar.google.com/scholar?q=related:4EHl6f84NGgJ:scholar.google.com/&scioq=traffic+computer+vision&hl=en&as_sdt=2007"
3,"SAH Alhuthali, MYI Zia, M Rashid","A simplified traffic flow monitoring system using computer vision techniques",2022,"2022 2nd International …","ieeexplore.ieee.org","https://ieeexplore.ieee.org/abstract/document/9711550/","https://scholar.google.com/scholar?cites=6116621180327181086&as_sdt=2005&sciodt=2007&hl=en",36,"2023-02-21 12:43:41","","","","",,,,,3,3.00,1,3,1,"… computer vision that can be used for traffic … traffic control systems, smart signaling, and accident detection etc. In this article, a computer vision based system design is proposed for traffic …","https://ieeexplore.ieee.org/iel7/9711508/9711541/09711550.pdf","https://scholar.google.com/scholar?q=related:HjsIZ46a4lQJ:scholar.google.com/&scioq=traffic+computer+vision&hl=en&as_sdt=2007"
1,"W Ci, T Xu, R Lin, S Lu","A Novel Method for Unexpected Obstacle Detection in the Traffic Environment Based on Computer Vision",2022,"Applied Sciences","mdpi.com","https://www.mdpi.com/1816006","https://scholar.google.com/scholar?cites=11581231855259610294&as_sdt=2005&sciodt=2007&hl=en",37,"2023-02-21 12:43:41","","","","",,,,,1,1.00,0,4,1,"… environment perception, namely computer vision solution and radar solution… computer vision solution is closer to the human driving form and has great potential for development. Vision …","https://www.mdpi.com/2076-3417/12/18/8937/pdf","https://scholar.google.com/scholar?q=related:tuwvKgPNuKAJ:scholar.google.com/&scioq=traffic+computer+vision&hl=en&as_sdt=2007"
23,"A De Bruin, T Booysen","Drone-based traffic flow estimation and tracking using computer vision: transportation engineering",2015,"Civil Engineering= Siviele Ingenieurswese","journals.co.za","https://journals.co.za/doi/abs/10.10520/EJC177738","https://scholar.google.com/scholar?cites=14840267775772563739&as_sdt=2005&sciodt=2007&hl=en",38,"2023-02-21 12:43:41","","10.10520/EJC177738","","",,,,,23,2.88,12,2,8,"The autonomous drone-based traffic flow estimation system can effectively be … of the computer vision system used to detect and calculate vehicle velocities for calculation of key traffic …","http://scholar.sun.ac.za/bitstream/handle/10019.1/97192/booysen_dronebased_2015.pdf?sequence=1","https://scholar.google.com/scholar?q=related:G5mZOuo4880J:scholar.google.com/&scioq=traffic+computer+vision&hl=en&as_sdt=2007"
1,"HF Yang, Y Ling, C Kopca, S Ricord, Y Wang","Cooperative traffic signal assistance system for non-motorized users and disabilities empowered by computer vision and edge artificial intelligence",2022,"Transportation research part …","Elsevier","https://www.sciencedirect.com/science/article/pii/S0968090X22003096","https://scholar.google.com/scholar?cites=15332546090649599934&as_sdt=2005&sciodt=2007&hl=en",39,"2023-02-21 12:43:41","HTML","","","",,,,,1,1.00,0,5,1,"… including improvement the traffic network capacity, … — Vision Enhanced Non-motorized Users Services (VENUS) smart node is proposed. With customized up-to-date computer vision …","https://www.sciencedirect.com/science/article/pii/S0968090X22003096","https://scholar.google.com/scholar?q=related:vj95I28lyNQJ:scholar.google.com/&scioq=traffic+computer+vision&hl=en&as_sdt=2007"
26,"S Messelodi, CM Modena","A computer vision system for traffic accident risk measurement: A case study",2005,"","cris.fbk.eu","https://cris.fbk.eu/handle/11582/14769","https://scholar.google.com/scholar?cites=9870192823216935788&as_sdt=2005&sciodt=2007&hl=en",40,"2023-02-21 12:43:41","","","","",,,,,26,1.44,13,2,18,"… traffic. A method for the computation of the accident risk is proposed, which is based on microscopic traffic … ie it does not require a manual collection of traffic data. The paper presents the …","","https://scholar.google.com/scholar?q=related:bJN0BBT4-YgJ:scholar.google.com/&scioq=traffic+computer+vision&hl=en&as_sdt=2007"
17,"X Sun, J Ding, G Dalla Chiara, L Cheah…","A generic framework for monitoring local freight traffic movements using computer vision-based techniques",2017,"2017 5th IEEE …","ieeexplore.ieee.org","https://ieeexplore.ieee.org/abstract/document/8005592/","https://scholar.google.com/scholar?cites=798517404659910084&as_sdt=2005&sciodt=2007&hl=en",41,"2023-02-21 12:43:41","","","","",,,,,17,2.83,3,5,6,"… computer visionbased techniques to collect high-level traffic … freight traffic movements at any well-defined freight traffic generator, … The framework employs stateof-the-art computer vision …","","https://scholar.google.com/scholar?q=related:xIW4S1nnFAsJ:scholar.google.com/&scioq=traffic+computer+vision&hl=en&as_sdt=2007"
19,"KS Jie, M Liu","Computer vision based real-time information acquisition for transport traffic",2005,"2005 IEEE International Conference on …","ieeexplore.ieee.org","https://ieeexplore.ieee.org/abstract/document/1635075/","https://scholar.google.com/scholar?cites=16691376562516931021&as_sdt=2005&sciodt=2007&hl=en",42,"2023-02-21 12:43:41","","","","",,,,,19,1.06,10,2,18,"… The use of computer vision in road traffic monitoring systems can potentially offer more … to extract far more traffic-related information, greater flexibility in the choice of traffic scene, and …","","https://scholar.google.com/scholar?q=related:zTEahYyuo-cJ:scholar.google.com/&scioq=traffic+computer+vision&hl=en&as_sdt=2007"
18,"MML Elahi, R Yasir, MA Syrus…","Computer vision based road traffic accident and anomaly detection in the context of Bangladesh",2014,"… , Electronics &Vision …","ieeexplore.ieee.org","https://ieeexplore.ieee.org/abstract/document/6850780/","https://scholar.google.com/scholar?cites=1780810036544142688&as_sdt=2005&sciodt=2007&hl=en",43,"2023-02-21 12:43:41","","","","",,,,,18,2.00,5,4,9,"… of traffic accident and Shah Alam [11] evaluated the rate of road traffic accidents and fatality … In this research, we propose a computer vision based method that analyses motion of …","https://ieeexplore.ieee.org/iel7/6844959/6850678/06850780.pdf","https://scholar.google.com/scholar?q=related:YP2pCEu1thgJ:scholar.google.com/&scioq=traffic+computer+vision&hl=en&as_sdt=2007"
7,"SK Satti, KS Devi, P Dhar, P Srinivasan","Enhancing and classifying traffic signs using computer vision and deep convolutional neural network",2020,"… 2020, Silchar, India, July 30-31 …","Springer","https://link.springer.com/chapter/10.1007/978-981-15-6315-7_20","https://scholar.google.com/scholar?cites=9984465427641949332&as_sdt=2005&sciodt=2007&hl=en",44,"2023-02-21 12:43:41","","10.1007/978-981-15-6315-7_20","","",,,,,7,2.33,2,4,3,"… Detection of traffic signs has been evolving as a traditional issue in computer vision for smart vehicles. The detection mechanism is observed as a preliminary step for the recognition of …","","https://scholar.google.com/scholar?q=related:lFzEDmjyj4oJ:scholar.google.com/&scioq=traffic+computer+vision&hl=en&as_sdt=2007"
21,"MH Zaki, T Sayed, X Wang","Computer vision approach for the classification of bike type (motorized versus non‐motorized) during busy traffic in the city of Shanghai",2016,"Journal of Advanced …","Wiley Online Library","https://onlinelibrary.wiley.com/doi/abs/10.1002/atr.1327","https://scholar.google.com/scholar?cites=2614365016032049763&as_sdt=2005&sciodt=2007&hl=en",45,"2023-02-21 12:43:41","","10.1002/atr.1327","","",,,,,21,3.00,7,3,7,"… automated collection of the traffic data. In recent years, computer vision has been adopted to … analysis by identifying traffic conflicts and analyzing their implications on traffic safety 10. …","","https://scholar.google.com/scholar?q=related:Y3rMbSEXSCQJ:scholar.google.com/&scioq=traffic+computer+vision&hl=en&as_sdt=2007"
3,"P Ramasamy, M Kabadi","An autonomous navigational system using GPS and computer vision for futuristic road traffic",2022,"… Journal of Electrical and Computer …","academia.edu","https://www.academia.edu/download/75607130/19_23660_EM_1jul_3jun_14jul20_Y.pdf","https://scholar.google.com/scholar?cites=16561087580423038881&as_sdt=2005&sciodt=2007&hl=en",46,"2023-02-21 12:43:41","PDF","","","",,,,,3,3.00,2,2,1,"… This paper has reviewed the global positioning system (GPS) and computer vision based … GPS as well as computer vision considering the case study of futuristic road traffic system. An …","https://www.academia.edu/download/75607130/19_23660_EM_1jul_3jun_14jul20_Y.pdf","https://scholar.google.com/scholar?q=related:oac_9WjN1OUJ:scholar.google.com/&scioq=traffic+computer+vision&hl=en&as_sdt=2007"
14,"S Zhou, ST Ng, Y Yang, JF Xu","Integrating computer vision and traffic modeling for near-real-time signal timing optimization of multiple intersections",2021,"Sustainable Cities and Society","Elsevier","https://www.sciencedirect.com/science/article/pii/S2210670721000676","https://scholar.google.com/scholar?cites=2599538890888902761&as_sdt=2005&sciodt=2007&hl=en",47,"2023-02-21 12:43:41","HTML","","","",,,,,14,7.00,4,4,2,"… traffic signals at an isolated intersection. A framework that integrates computer vision and traffic modeling is proposed to link the real-world transport systems and operable virtual traffic …","https://www.sciencedirect.com/science/article/pii/S2210670721000676","https://scholar.google.com/scholar?q=related:afg-K9lqEyQJ:scholar.google.com/&scioq=traffic+computer+vision&hl=en&as_sdt=2007"
5,"AD Salimullina, DO Budanov","Computer Vision System for Speed Limit Traffic Sign Recognition",2022,"2022 Conference of Russian …","ieeexplore.ieee.org","https://ieeexplore.ieee.org/abstract/document/9755744/","https://scholar.google.com/scholar?cites=4723428933770361408&as_sdt=2005&sciodt=2007&hl=en",48,"2023-02-21 12:43:41","","","","",,,,,5,5.00,3,2,1,"… approach to traffic sign recognition. Computer vision algorithms for traffic sign detection are … The machine learning algorithm used for traffic sign recognition is described in Section IV. …","https://ieeexplore.ieee.org/iel7/9755448/9755449/09755744.pdf","https://scholar.google.com/scholar?q=related:QDov55b9jEEJ:scholar.google.com/&scioq=traffic+computer+vision&hl=en&as_sdt=2007"
1,"MT Ubaid, T Saba, HU Draz, A Rehman…","Intelligent Traffic Signal Automation Based on Computer Vision Techniques Using Deep Learning",2022,"IT …","ieeexplore.ieee.org","https://ieeexplore.ieee.org/abstract/document/9717356/","https://scholar.google.com/scholar?cites=2975187168051615279&as_sdt=2005&sciodt=2007&hl=en",49,"2023-02-21 12:43:41","","","","",,,,,1,1.00,0,5,1,"… traffic control systems. Most designs can easily detect traffic speed and volume, but measuring traffic … in automated traffic control systems, researchers focus on computer vision and deep …","https://ieeexplore.ieee.org/iel7/6294/9717307/09717356.pdf","https://scholar.google.com/scholar?q=related:L1YEVPf8SSkJ:scholar.google.com/&scioq=traffic+computer+vision&hl=en&as_sdt=2007"
3,"M Umair, MU Farooq, RH Raza, Q Chen, B Abdulhai","Efficient video-based vehicle queue length estimation using computer vision and deep learning for an urban traffic scenario",2021,"Processes","mdpi.com","https://www.mdpi.com/1303826","https://scholar.google.com/scholar?cites=10891193275362056421&as_sdt=2005&sciodt=2007&hl=en",50,"2023-02-21 12:43:41","","","","",,,,,3,1.50,1,5,2,"… data for better traffic management and control [10]. Recent advances in computer vision and … annotation, detection and classification in traffic surveillance application. Moreover, large-…","https://www.mdpi.com/2227-9717/9/10/1786/pdf","https://scholar.google.com/scholar?q=related:5RgUdpRKJZcJ:scholar.google.com/&scioq=traffic+computer+vision&hl=en&as_sdt=2007"
